"Box(01:32:31.97,30:37:37.5,100,100) # text={1.Unknown}"
"Box(01:32:33.36,30:26:20.9,100,100) # text={2.Stellar}"
"Box(01:32:34.40,30:37:42.6,100,100) # text={3.Cluster}"
"Box(01:32:35.60,30:41:28.0,100,100) # text={4.Unknown}"
"Box(01:32:38.87,30:47:07.1,100,100) # text={5.Galaxy}"
"Box(01:32:38.97,30:39:17.9,100,100) # text={6.Cluster}"
"Box(01:32:39.13,30:40:42.0,100,100) # text={7.Unknown}"
"Box(01:32:41.27,30:27:51.9,100,100) # text={8.Unknown}"
"Box(01:32:42.93,30:35:38.6,100,100) # text={9.Cluster}"
"Box(01:32:44.30,30:40:12.4,100,100) # text={10.Cluster}"
"Box(01:32:45.31,30:30:24.3,100,100) # text={11.Unknown}"
"Box(01:32:46.80,30:33:35.3,100,100) # text={12.Stellar}"
"Box(01:32:51.77,30:33:05.3,100,100) # text={13.Stellar}"
"Box(01:32:51.78,30:29:47.8,100,100) # text={14.Stellar}"
"Box(01:32:51.82,30:29:36.4,100,100) # text={15.Cluster}"
"Box(01:32:52.65,30:14:30.9,100,100) # text={16.Cluster}"
"Box(01:32:52.70,30:32:00.4,100,100) # text={17.Unknown}"
"Box(01:32:52.87,30:34:10.2,100,100) # text={18.Unknown}"
"Box(01:32:53.80,30:37:52.9,100,100) # text={19.Stellar}"
"Box(01:32:54.31,30:55:29.5,100,100) # text={20.Unknown}"
"Box(01:32:54.63,30:23:20.6,100,100) # text={21.Unknown}"
"Box(01:32:54.95,30:46:25.4,100,100) # text={22.Unknown}"
"Box(01:32:55.47,30:29:22.2,100,100) # text={23.Cluster}"
"Box(01:32:56.09,30:38:25.7,100,100) # text={24.Stellar}"
"Box(01:32:56.18,30:25:45.8,100,100) # text={25.Stellar}"
"Box(01:32:56.32,30:14:58.9,100,100) # text={26.Cluster}"
"Box(01:32:56.36,30:44:51.2,100,100) # text={27.Stellar}"
"Box(01:32:57.60,30:55:42.7,100,100) # text={28.Cluster}"
"Box(01:32:58.63,30:47:57.3,100,100) # text={29.Cluster}"
"Box(01:32:59.28,30:23:04.4,100,100) # text={30.Unknown}"
"Box(01:33:00.37,30:26:47.7,100,100) # text={31.Unknown}"
"Box(01:33:00.54,30:45:17.6,100,100) # text={32.Cluster}"
"Box(01:33:00.89,30:25:32.7,100,100) # text={33.Unknown}"
"Box(01:33:01.10,30:35:45.1,100,100) # text={34.Cluster}"
"Box(01:33:02.40,30:34:44.5,100,100) # text={35.Cluster}"
"Box(01:33:04.91,30:25:27.0,100,100) # text={36.Unknown}"
"Box(01:33:05.56,30:36:40.4,100,100) # text={37.Unknown}"
"Box(01:33:06.40,30:37:35.8,100,100) # text={38.Unknown}"
"Box(01:33:07.37,30:23:14.3,100,100) # text={39.Stellar}"
"Box(01:33:08.11,30:28:00.2,100,100) # text={40.Cluster}"
"Box(01:33:09.82,30:12:50.7,100,100) # text={41.Cluster}"
"Box(01:33:10.11,30:29:56.9,100,100) # text={42.Cluster}"
"Box(01:33:11.61,30:13:14.1,100,100) # text={43.Galaxy}"
"Box(01:33:13.80,30:29:03.6,100,100) # text={44.Cluster}"
"Box(01:33:13.87,30:29:05.1,100,100) # text={45.Cluster}"
"Box(01:33:13.88,30:28:24.4,100,100) # text={46.Cluster}"
"Box(01:33:13.90,30:29:44.7,100,100) # text={47.Cluster}"
"Box(01:33:14.29,30:27:11.1,100,100) # text={48.Unknown}"
"Box(01:33:14.30,30:28:22.8,100,100) # text={49.Cluster}"
"Box(01:33:14.61,30:51:37.8,100,100) # text={50.Galaxy}"
"Box(01:33:15.09,30:54:12.7,100,100) # text={51.Unknown}"
"Box(01:33:15.17,30:32:53.0,100,100) # text={52.Cluster}"
"Box(01:33:16.10,30:20:56.7,100,100) # text={53.Cluster}"
"Box(01:33:16.63,30:34:35.7,100,100) # text={54.Cluster}"
"Box(01:33:18.20,30:43:48.1,100,100) # text={55.Unknown}"
"Box(01:33:18.87,30:26:45.0,100,100) # text={56.Unknown}"
"Box(01:33:19.21,30:23:22.5,100,100) # text={57.Galaxy}"
"Box(01:33:19.41,30:48:48.7,100,100) # text={58.Unknown}"
"Box(01:33:20.40,30:40:23.3,100,100) # text={59.Unknown}"
"Box(01:33:20.48,30:26:15.2,100,100) # text={60.Stellar}"
"Box(01:33:21.18,30:37:55.5,100,100) # text={61.Unknown}"
"Box(01:33:21.57,30:31:51.4,100,100) # text={62.Stellar}"
"Box(01:33:21.66,30:37:48.4,100,100) # text={63.Unknown}"
"Box(01:33:21.90,31:01:11.2,100,100) # text={64.Galaxy}"
"Box(01:33:22.10,30:45:34.3,100,100) # text={65.Cluster}"
"Box(01:33:22.11,30:40:28.4,100,100) # text={66.Cluster}"
"Box(01:33:22.16,30:40:26.0,100,100) # text={67.Cluster}"
"Box(01:33:22.32,30:40:59.4,100,100) # text={68.Cluster}"
"Box(01:33:22.38,30:30:14.3,100,100) # text={69.Stellar}"
"Box(01:33:23.10,30:33:00.5,100,100) # text={70.Cluster}"
"Box(01:33:23.11,30:32:22.9,100,100) # text={71.Unknown}"
"Box(01:33:23.30,30:46:09.0,100,100) # text={72.Unknown}"
"Box(01:33:23.44,30:22:31.0,100,100) # text={73.Galaxy}"
"Box(01:33:23.90,30:40:26.0,100,100) # text={74.Cluster}"
"Box(01:33:24.61,30:32:56.1,100,100) # text={75.Cluster}"
"Box(01:33:24.85,30:33:55.0,100,100) # text={76.Cluster}"
"Box(01:33:25.60,30:29:56.8,100,100) # text={77.Cluster}"
"Box(01:33:25.60,30:45:30.5,100,100) # text={78.Cluster}"
"Box(01:33:25.65,30:27:52.8,100,100) # text={79.Unknown}"
"Box(01:33:26.00,30:36:24.3,100,100) # text={80.Unknown}"
"Box(01:33:26.37,30:41:06.9,100,100) # text={81.Cluster}"
"Box(01:33:26.47,30:55:10.9,100,100) # text={82.Unknown}"
"Box(01:33:26.49,30:41:11.6,100,100) # text={83.Cluster}"
"Box(01:33:26.53,30:27:00.4,100,100) # text={84.Unknown}"
"Box(01:33:26.75,30:33:21.4,100,100) # text={85.Cluster}"
"Box(01:33:26.94,30:34:52.6,100,100) # text={86.Cluster}"
"Box(01:33:27.40,30:41:59.8,100,100) # text={87.Cluster}"
"Box(01:33:27.96,30:37:28.4,100,100) # text={88.Cluster}"
"Box(01:33:27.98,30:32:43.1,100,100) # text={89.Unknown}"
"Box(01:33:28.00,30:21:06.2,100,100) # text={90.Cluster}"
"Box(01:33:28.13,30:58:30.6,100,100) # text={91.Cluster}"
"Box(01:33:28.23,30:46:39.9,100,100) # text={92.Unknown}"
"Box(01:33:28.40,30:36:23.1,100,100) # text={93.Cluster}"
"Box(01:33:28.70,30:36:37.5,100,100) # text={94.Cluster}"
"Box(01:33:28.72,30:41:35.0,100,100) # text={95.Cluster}"
"Box(01:33:29.30,30:44:01.6,100,100) # text={96.Unknown}"
"Box(01:33:29.40,30:23:59.2,100,100) # text={97.Unknown}"
"Box(01:33:29.48,30:30:02.1,100,100) # text={98.Unknown}"
"Box(01:33:29.85,30:26:49.1,100,100) # text={99.Stellar}"
"Box(01:33:30.07,30:49:29.0,100,100) # text={100.Cluster}"
"Box(01:33:30.68,30:26:31.8,100,100) # text={101.Cluster}"
"Box(01:33:30.70,30:22:21.4,100,100) # text={102.Cluster}"
"Box(01:33:30.90,30:49:11.8,100,100) # text={103.Cluster}"
"Box(01:33:30.92,30:37:12.9,100,100) # text={104.Cluster}"
"Box(01:33:31.00,30:36:52.6,100,100) # text={105.Cluster}"
"Box(01:33:31.10,30:33:45.5,100,100) # text={106.Cluster}"
"Box(01:33:31.22,30:33:33.5,100,100) # text={107.Unknown}"
"Box(01:33:31.22,30:54:41.6,100,100) # text={108.Chip}"
"Box(01:33:31.25,30:50:07.0,100,100) # text={109.Cluster}"
"Box(01:33:31.39,30:40:20.4,100,100) # text={110.Cluster}"
"Box(01:33:31.86,30:54:40.1,100,100) # text={111.Chip}"
"Box(01:33:32.00,30:46:25.0,100,100) # text={112.Unknown}"
"Box(01:33:32.01,30:33:21.8,100,100) # text={113.Cluster}"
"Box(01:33:32.17,30:40:31.9,100,100) # text={114.Cluster}"
"Box(01:33:32.19,30:56:04.9,100,100) # text={115.Cluster}"
"Box(01:33:32.36,30:38:28.0,100,100) # text={116.Cluster}"
"Box(01:33:32.43,30:38:24.5,100,100) # text={117.Cluster}"
"Box(01:33:32.59,30:39:24.5,100,100) # text={118.Cluster}"
"Box(01:33:32.72,30:36:55.2,100,100) # text={119.Cluster}"
"Box(01:33:32.75,30:31:45.1,100,100) # text={120.Cluster}"
"Box(01:33:33.00,30:49:41.7,100,100) # text={121.Cluster}"
"Box(01:33:33.28,30:48:30.5,100,100) # text={122.Cluster}"
"Box(01:33:33.57,30:36:35.8,100,100) # text={123.Cluster}"
"Box(01:33:33.72,30:40:03.0,100,100) # text={124.Cluster}"
"Box(01:33:34.17,30:44:00.2,100,100) # text={125.Unknown}"
"Box(01:33:34.38,30:42:01.3,100,100) # text={126.Cluster}"
"Box(01:33:34.68,30:48:21.2,100,100) # text={127.Cluster}"
"Box(01:33:34.90,30:37:05.6,100,100) # text={128.Unknown}"
"Box(01:33:34.96,30:55:06.1,100,100) # text={129.Unknown}"
"Box(01:33:35.10,30:49:00.0,100,100) # text={130.Cluster}"
"Box(01:33:35.27,30:33:11.6,100,100) # text={131.Cluster}"
"Box(01:33:35.62,30:38:36.7,100,100) # text={132.Cluster}"
"Box(01:33:35.94,30:36:28.8,100,100) # text={133.Stellar}"
"Box(01:33:36.19,30:47:55.1,100,100) # text={134.Cluster}"
"Box(01:33:36.30,30:56:15.9,100,100) # text={135.Stellar}"
"Box(01:33:36.70,30:27:08.0,100,100) # text={136.Unknown}"
"Box(01:33:36.77,30:43:23.1,100,100) # text={137.Unknown}"
"Box(01:33:36.79,30:49:17.5,100,100) # text={138.Cluster}"
"Box(01:33:36.98,30:37:12.0,100,100) # text={139.Unknown}"
"Box(01:33:37.24,30:34:13.9,100,100) # text={140.Cluster}"
"Box(01:33:37.60,30:28:04.6,100,100) # text={141.Unknown}"
"Box(01:33:37.81,30:50:32.3,100,100) # text={142.Cluster}"
"Box(01:33:38.00,30:38:02.2,100,100) # text={143.Unknown}"
"Box(01:33:38.04,30:33:05.4,100,100) # text={144.Cluster}"
"Box(01:33:38.08,30:33:17.6,100,100) # text={145.Cluster}"
"Box(01:33:38.14,30:42:22.9,100,100) # text={146.Cluster}"
"Box(01:33:38.19,30:43:23.9,100,100) # text={147.Unknown}"
"Box(01:33:38.63,30:46:10.7,100,100) # text={148.Unknown}"
"Box(01:33:39.46,30:55:59.7,100,100) # text={149.Cluster}"
"Box(01:33:39.46,30:56:18.0,100,100) # text={150.Unknown}"
"Box(01:33:39.49,30:48:48.2,100,100) # text={151.Cluster}"
"Box(01:33:39.69,30:31:09.2,100,100) # text={152.Unknown}"
"Box(01:33:39.71,30:32:29.2,100,100) # text={153.Cluster}"
"Box(01:33:39.94,30:38:26.2,100,100) # text={154.Unknown}"
"Box(01:33:40.08,30:21:37.2,100,100) # text={155.Cluster}"
"Box(01:33:40.38,30:43:58.0,100,100) # text={156.Unknown}"
"Box(01:33:40.56,30:49:04.7,100,100) # text={157.Unknown}"
"Box(01:33:41.14,30:25:50.4,100,100) # text={158.Unknown}"
"Box(01:33:41.20,30:29:53.8,100,100) # text={159.Unknown}"
"Box(01:33:41.32,30:52:56.8,100,100) # text={160.Stellar}"
"Box(01:33:41.54,30:42:44.9,100,100) # text={161.Unknown}"
"Box(01:33:41.56,30:30:24.1,100,100) # text={162.Unknown}"
"Box(01:33:41.60,30:28:09.2,100,100) # text={163.Unknown}"
"Box(01:33:41.60,30:41:43.4,100,100) # text={164.Stellar}"
"Box(01:33:41.60,30:48:08.5,100,100) # text={165.Cluster}"
"Box(01:33:41.94,30:49:20.1,100,100) # text={166.Cluster}"
"Box(01:33:42.00,30:26:53.5,100,100) # text={167.Unknown}"
"Box(01:33:42.71,30:43:49.6,100,100) # text={168.Cluster}"
"Box(01:33:42.96,30:42:53.0,100,100) # text={169.Unknown}"
"Box(01:33:43.02,30:44:40.8,100,100) # text={170.Stellar}"
"Box(01:33:43.80,30:40:56.7,100,100) # text={171.Cluster}"
"Box(01:33:43.85,30:32:10.4,100,100) # text={172.Cluster}"
"Box(01:33:44.10,30:26:50.2,100,100) # text={173.Unknown}"
"Box(01:33:44.10,30:30:00.8,100,100) # text={174.Unknown}"
"Box(01:33:44.15,30:48:36.0,100,100) # text={175.Unknown}"
"Box(01:33:44.51,30:37:52.7,100,100) # text={176.Unknown}"
"Box(01:33:44.66,30:21:09.4,100,100) # text={177.Stellar}"
"Box(01:33:45.10,30:47:46.7,100,100) # text={178.Cluster}"
"Box(01:33:45.14,30:49:09.2,100,100) # text={179.Cluster}"
"Box(01:33:45.50,30:30:40.7,100,100) # text={180.Cluster}"
"Box(01:33:45.80,30:27:17.3,100,100) # text={181.Cluster}"
"Box(01:33:46.29,30:47:51.0,100,100) # text={182.Cluster}"
"Box(01:33:47.00,30:45:58.8,100,100) # text={183.Unknown}"
"Box(01:33:47.00,30:46:36.3,100,100) # text={184.Cluster}"
"Box(01:33:48.07,30:54:51.7,100,100) # text={185.Chip}"
"Box(01:33:48.46,30:45:38.7,100,100) # text={186.Cluster}"
"Box(01:33:48.65,30:47:42.6,100,100) # text={187.Cluster}"
"Box(01:33:48.71,30:24:17.0,100,100) # text={188.Chip}"
"Box(01:33:49.15,30:49:01.5,100,100) # text={189.Cluster}"
"Box(01:33:49.36,30:47:12.5,100,100) # text={190.Cluster}"
"Box(01:33:49.62,30:34:25.7,100,100) # text={191.Cluster}"
"Box(01:33:50.19,30:34:18.8,100,100) # text={192.Cluster}"
"Box(01:33:50.27,30:31:11.0,100,100) # text={193.Cluster}"
"Box(01:33:50.70,30:58:50.3,100,100) # text={194.Cluster}"
"Box(01:33:50.73,30:44:56.2,100,100) # text={195.Cluster}"
"Box(01:33:50.85,30:28:59.9,100,100) # text={196.Cluster}"
"Box(01:33:50.85,30:38:34.5,100,100) # text={197.Cluster}"
"Box(01:33:50.90,30:38:55.5,100,100) # text={198.Cluster}"
"Box(01:33:50.90,30:31:44.8,100,100) # text={199.Cluster}"
"Box(01:33:50.90,30:34:37.0,100,100) # text={200.Unknown}"
"Box(01:33:51.24,30:34:13.2,100,100) # text={201.Cluster}"
"Box(01:33:51.30,30:50:55.8,100,100) # text={202.Unknown}"
"Box(01:33:51.31,30:34:37.0,100,100) # text={203.Unknown}"
"Box(01:33:51.80,30:31:47.2,100,100) # text={204.Cluster}"
"Box(01:33:52.10,30:47:16.2,100,100) # text={205.Unknown}"
"Box(01:33:52.20,30:29:03.8,100,100) # text={206.Cluster}"
"Box(01:33:52.38,30:35:00.8,100,100) # text={207.Cluster}"
"Box(01:33:52.39,30:34:21.1,100,100) # text={208.Cluster}"
"Box(01:33:52.40,30:50:17.1,100,100) # text={209.Unknown}"
"Box(01:33:52.67,30:48:10.1,100,100) # text={210.Cluster}"
"Box(01:33:53.14,30:48:33.8,100,100) # text={211.Unknown}"
"Box(01:33:53.40,30:33:02.8,100,100) # text={212.Cluster}"
"Box(01:33:53.43,30:57:18.0,100,100) # text={213.Unknown}"
"Box(01:33:53.69,30:48:21.5,100,100) # text={214.Cluster}"
"Box(01:33:54.10,30:33:09.7,100,100) # text={215.Cluster}"
"Box(01:33:54.38,30:21:51.9,100,100) # text={216.Cluster}"
"Box(01:33:54.63,30:34:48.3,100,100) # text={217.Cluster}"
"Box(01:33:54.73,30:48:43.7,100,100) # text={218.Cluster}"
"Box(01:33:54.75,30:45:28.4,100,100) # text={219.Cluster}"
"Box(01:33:54.80,30:32:15.8,100,100) # text={220.Cluster}"
"Box(01:33:55.00,30:32:14.5,100,100) # text={221.Cluster}"
"Box(01:33:55.18,30:47:58.0,100,100) # text={222.Cluster}"
"Box(01:33:55.32,30:37:34.0,100,100) # text={223.Unknown}"
"Box(01:33:55.35,30:45:43.5,100,100) # text={224.Unknown}"
"Box(01:33:55.50,30:57:06.3,100,100) # text={225.Stellar}"
"Box(01:33:55.87,30:29:34.3,100,100) # text={226.Galaxy}"
"Box(01:33:55.90,30:52:28.7,100,100) # text={227.Unknown}"
"Box(01:33:56.18,30:38:39.8,100,100) # text={228.Cluster}"
"Box(01:33:56.21,30:45:51.8,100,100) # text={229.Cluster}"
"Box(01:33:56.41,30:29:28.4,100,100) # text={230.Galaxy}"
"Box(01:33:56.50,30:36:10.6,100,100) # text={231.Cluster}"
"Box(01:33:56.93,30:41:38.4,100,100) # text={232.Cluster}"
"Box(01:33:56.93,30:49:26.8,100,100) # text={233.Cluster}"
"Box(01:33:57.10,30:50:31.5,100,100) # text={234.Cluster}"
"Box(01:33:57.10,30:48:03.5,100,100) # text={235.Cluster}"
"Box(01:33:57.16,30:40:20.7,100,100) # text={236.Cluster}"
"Box(01:33:57.28,30:39:15.3,100,100) # text={237.Cluster}"
"Box(01:33:57.35,30:41:28.5,100,100) # text={238.Cluster}"
"Box(01:33:57.40,30:52:17.9,100,100) # text={239.Cluster}"
"Box(01:33:57.66,30:41:32.6,100,100) # text={240.Cluster}"
"Box(01:33:57.84,30:35:31.8,100,100) # text={241.Cluster}"
"Box(01:33:57.85,30:49:04.9,100,100) # text={242.Cluster}"
"Box(01:33:57.87,30:33:25.7,100,100) # text={243.Cluster}"
"Box(01:33:57.93,31:04:08.7,100,100) # text={244.Unknown}"
"Box(01:33:58.01,30:45:45.2,100,100) # text={245.Cluster}"
"Box(01:33:58.03,30:39:26.2,100,100) # text={246.Cluster}"
"Box(01:33:58.10,30:38:15.5,100,100) # text={247.Cluster}"
"Box(01:33:58.41,30:39:14.9,100,100) # text={248.Cluster}"
"Box(01:33:58.58,30:48:42.7,100,100) # text={249.Cluster}"
"Box(01:33:58.86,30:34:43.2,100,100) # text={250.Cluster}"
"Box(01:33:58.90,30:49:11.0,100,100) # text={251.Cluster}"
"Box(01:33:59.07,30:50:05.9,100,100) # text={252.Cluster}"
"Box(01:33:59.46,30:48:26.7,100,100) # text={253.Cluster}"
"Box(01:33:59.52,30:47:29.5,100,100) # text={254.Cluster}"
"Box(01:33:59.52,30:45:49.9,100,100) # text={255.Cluster}"
"Box(01:33:59.67,30:47:38.2,100,100) # text={256.Cluster}"
"Box(01:33:59.74,30:41:24.4,100,100) # text={257.Cluster}"
"Box(01:33:59.84,30:39:45.4,100,100) # text={258.Cluster}"
"Box(01:33:59.92,30:32:44.2,100,100) # text={259.Unknown}"
"Box(01:34:00.01,30:33:54.3,100,100) # text={260.Cluster}"
"Box(01:34:00.21,30:37:47.2,100,100) # text={261.Unknown}"
"Box(01:34:00.27,30:48:36.6,100,100) # text={262.Cluster}"
"Box(01:34:00.44,30:51:01.2,100,100) # text={263.Unknown}"
"Box(01:34:00.47,30:41:23.1,100,100) # text={264.Cluster}"
"Box(01:34:00.76,30:50:09.1,100,100) # text={265.Cluster}"
"Box(01:34:01.03,30:46:58.8,100,100) # text={266.Cluster}"
"Box(01:34:01.31,30:39:23.5,100,100) # text={267.Cluster}"
"Box(01:34:01.56,30:42:31.0,100,100) # text={268.Cluster}"
"Box(01:34:01.60,30:42:31.1,100,100) # text={269.Unknown}"
"Box(01:34:01.68,30:49:43.9,100,100) # text={270.Cluster}"
"Box(01:34:01.75,30:32:25.7,100,100) # text={271.Cluster}"
"Box(01:34:01.99,30:38:10.9,100,100) # text={272.Cluster}"
"Box(01:34:01.99,30:39:37.8,100,100) # text={273.Cluster}"
"Box(01:34:02.33,30:50:27.8,100,100) # text={274.Cluster}"
"Box(01:34:02.48,30:40:40.7,100,100) # text={275.Cluster}"
"Box(01:34:02.48,30:38:41.1,100,100) # text={276.Unknown}"
"Box(01:34:02.59,30:58:10.3,100,100) # text={277.Galaxy}"
"Box(01:34:02.63,30:49:38.6,100,100) # text={278.Stellar}"
"Box(01:34:02.77,30:48:36.5,100,100) # text={279.Cluster}"
"Box(01:34:02.79,30:46:36.8,100,100) # text={280.Unknown}"
"Box(01:34:02.90,30:43:20.8,100,100) # text={281.Cluster}"
"Box(01:34:03.09,30:45:35.6,100,100) # text={282.Cluster}"
"Box(01:34:03.10,30:42:21.3,100,100) # text={283.Unknown}"
"Box(01:34:03.12,30:52:13.9,100,100) # text={284.Cluster}"
"Box(01:34:03.12,30:48:11.0,100,100) # text={285.Cluster}"
"Box(01:34:03.14,30:46:55.2,100,100) # text={286.Unknown}"
"Box(01:34:03.34,30:48:28.0,100,100) # text={287.Cluster}"
"Box(01:34:03.83,30:29:33.5,100,100) # text={288.Unknown}"
"Box(01:34:03.90,30:47:29.1,100,100) # text={289.Cluster}"
"Box(01:34:04.32,30:39:22.8,100,100) # text={290.Unknown}"
"Box(01:34:04.47,30:36:56.1,100,100) # text={291.Unknown}"
"Box(01:34:04.79,30:49:17.9,100,100) # text={292.Cluster}"
"Box(01:34:04.80,30:47:39.1,100,100) # text={293.Stellar}"
"Box(01:34:05.08,30:49:43.1,100,100) # text={294.Cluster}"
"Box(01:34:05.12,30:40:36.7,100,100) # text={295.Unknown}"
"Box(01:34:05.24,30:57:01.1,100,100) # text={296.Cluster}"
"Box(01:34:05.40,30:47:50.9,100,100) # text={297.Stellar}"
"Box(01:34:05.85,30:49:56.9,100,100) # text={298.Cluster}"
"Box(01:34:06.20,30:40:12.6,100,100) # text={299.Unknown}"
"Box(01:34:06.30,30:37:26.1,100,100) # text={300.Cluster}"
"Box(01:34:06.40,30:37:30.5,100,100) # text={301.Cluster}"
"Box(01:34:06.59,30:50:18.3,100,100) # text={302.Cluster}"
"Box(01:34:06.68,30:48:56.2,100,100) # text={303.Cluster}"
"Box(01:34:06.77,30:48:32.8,100,100) # text={304.Cluster}"
"Box(01:34:06.79,30:47:27.0,100,100) # text={305.Cluster}"
"Box(01:34:06.98,30:32:00.1,100,100) # text={306.Unknown}"
"Box(01:34:07.02,30:50:57.4,100,100) # text={307.Cluster}"
"Box(01:34:07.03,30:49:24.4,100,100) # text={308.Cluster}"
"Box(01:34:07.18,30:35:23.1,100,100) # text={309.Stellar}"
"Box(01:34:07.28,30:38:29.5,100,100) # text={310.Cluster}"
"Box(01:34:07.37,30:47:41.6,100,100) # text={311.Cluster}"
"Box(01:34:07.51,30:50:11.1,100,100) # text={312.Cluster}"
"Box(01:34:07.73,30:52:18.1,100,100) # text={313.Unknown}"
"Box(01:34:07.78,30:51:41.4,100,100) # text={314.Stellar}"
"Box(01:34:07.79,30:31:21.2,100,100) # text={315.Stellar}"
"Box(01:34:08.04,30:38:38.2,100,100) # text={316.Cluster}"
"Box(01:34:08.08,30:31:18.7,100,100) # text={317.Unknown}"
"Box(01:34:08.10,30:53:32.1,100,100) # text={318.Stellar}"
"Box(01:34:08.22,30:34:05.0,100,100) # text={319.Stellar}"
"Box(01:34:08.53,30:39:02.4,100,100) # text={320.Cluster}"
"Box(01:34:08.63,30:39:22.8,100,100) # text={321.Cluster}"
"Box(01:34:08.70,30:42:55.3,100,100) # text={322.Cluster}"
"Box(01:34:08.76,30:48:16.1,100,100) # text={323.Cluster}"
"Box(01:34:08.77,30:30:57.0,100,100) # text={324.Stellar}"
"Box(01:34:08.96,30:36:33.8,100,100) # text={325.Unknown}"
"Box(01:34:09.36,30:47:01.8,100,100) # text={326.Unknown}"
"Box(01:34:09.71,30:21:30.0,100,100) # text={327.Cluster}"
"Box(01:34:09.78,30:52:06.1,100,100) # text={328.Cluster}"
"Box(01:34:10.09,30:45:29.4,100,100) # text={329.Cluster}"
"Box(01:34:10.24,30:55:26.6,100,100) # text={330.Unknown}"
"Box(01:34:10.66,30:45:48.9,100,100) # text={331.Unknown}"
"Box(01:34:10.67,30:35:16.8,100,100) # text={332.Unknown}"
"Box(01:34:11.00,30:40:30.1,100,100) # text={333.Cluster}"
"Box(01:34:11.29,30:24:13.2,100,100) # text={334.Chip}"
"Box(01:34:11.35,30:41:27.9,100,100) # text={335.Cluster}"
"Box(01:34:11.36,30:41:27.9,100,100) # text={336.Unknown}"
"Box(01:34:11.55,30:34:52.5,100,100) # text={337.Unknown}"
"Box(01:34:11.82,30:42:19.9,100,100) # text={338.Cluster}"
"Box(01:34:11.86,30:24:10.1,100,100) # text={339.Chip}"
"Box(01:34:12.68,30:47:05.3,100,100) # text={340.Stellar}"
"Box(01:34:13.60,30:34:48.5,100,100) # text={341.Unknown}"
"Box(01:34:13.69,30:43:18.4,100,100) # text={342.Unknown}"
"Box(01:34:13.70,30:35:22.2,100,100) # text={343.Unknown}"
"Box(01:34:13.80,30:45:31.5,100,100) # text={344.Unknown}"
"Box(01:34:13.84,30:19:47.3,100,100) # text={345.Cluster}"
"Box(01:34:13.99,30:27:59.0,100,100) # text={346.Cluster}"
"Box(01:34:14.02,30:39:29.5,100,100) # text={347.Cluster}"
"Box(01:34:14.14,30:52:59.8,100,100) # text={348.Unknown}"
"Box(01:34:14.19,30:36:12.1,100,100) # text={349.Unknown}"
"Box(01:34:14.20,30:39:58.4,100,100) # text={350.Cluster}"
"Box(01:34:14.65,30:32:35.0,100,100) # text={351.Cluster}"
"Box(01:34:15.02,30:53:33.9,100,100) # text={352.Unknown}"
"Box(01:34:15.04,30:41:19.2,100,100) # text={353.Cluster}"
"Box(01:34:15.51,30:50:01.7,100,100) # text={354.Unknown}"
"Box(01:34:15.51,30:42:11.5,100,100) # text={355.Cluster}"
"Box(01:34:15.78,30:27:45.7,100,100) # text={356.Galaxy}"
"Box(01:34:16.10,30:45:03.9,100,100) # text={357.Unknown}"
"Box(01:34:16.37,30:47:43.0,100,100) # text={358.Cluster}"
"Box(01:34:16.38,30:37:49.1,100,100) # text={359.Cluster}"
"Box(01:34:16.57,30:40:29.0,100,100) # text={360.Cluster}"
"Box(01:34:17.54,30:42:36.7,100,100) # text={361.Cluster}"
"Box(01:34:17.64,30:28:24.0,100,100) # text={362.Galaxy}"
"Box(01:34:17.87,30:35:34.1,100,100) # text={363.Stellar}"
"Box(01:34:18.19,30:52:30.0,100,100) # text={364.Unknown}"
"Box(01:34:18.21,30:53:47.4,100,100) # text={365.Unknown}"
"Box(01:34:18.26,30:22:02.5,100,100) # text={366.Unknown}"
"Box(01:34:18.59,30:44:47.8,100,100) # text={367.Cluster}"
"Box(01:34:18.69,30:31:37.6,100,100) # text={368.Unknown}"
"Box(01:34:19.29,30:23:33.0,100,100) # text={369.Stellar}"
"Box(01:34:19.44,30:46:21.2,100,100) # text={370.Unknown}"
"Box(01:34:19.89,30:36:12.7,100,100) # text={371.Cluster}"
"Box(01:34:20.17,30:39:33.3,100,100) # text={372.Cluster}"
"Box(01:34:20.78,30:38:33.1,100,100) # text={373.Unknown}"
"Box(01:34:20.95,30:22:57.6,100,100) # text={374.Galaxy}"
"Box(01:34:21.43,30:39:40.2,100,100) # text={375.Cluster}"
"Box(01:34:21.59,30:36:45.6,100,100) # text={376.Cluster}"
"Box(01:34:21.99,30:44:39.1,100,100) # text={377.Cluster}"
"Box(01:34:22.23,30:47:11.0,100,100) # text={378.Unknown}"
"Box(01:34:22.24,30:30:42.6,100,100) # text={379.Unknown}"
"Box(01:34:22.81,30:54:26.1,100,100) # text={380.Chip}"
"Box(01:34:22.92,30:47:33.7,100,100) # text={381.Stellar}"
"Box(01:34:23.05,30:37:39.8,100,100) # text={382.Cluster}"
"Box(01:34:23.13,30:43:46.4,100,100) # text={383.Cluster}"
"Box(01:34:23.52,30:25:58.2,100,100) # text={384.Cluster}"
"Box(01:34:24.53,30:53:05.4,100,100) # text={385.Cluster}"
"Box(01:34:25.00,30:51:33.3,100,100) # text={386.Unknown}"
"Box(01:34:25.40,30:41:28.4,100,100) # text={387.Cluster}"
"Box(01:34:25.51,30:36:56.8,100,100) # text={388.Cluster}"
"Box(01:34:26.32,30:37:23.3,100,100) # text={389.Cluster}"
"Box(01:34:26.39,30:47:13.8,100,100) # text={390.Unknown}"
"Box(01:34:26.88,30:41:46.2,100,100) # text={391.Unknown}"
"Box(01:34:27.10,30:36:42.3,100,100) # text={392.Cluster}"
"Box(01:34:27.61,30:55:53.3,100,100) # text={393.Cluster}"
"Box(01:34:28.14,30:42:48.2,100,100) # text={394.Unknown}"
"Box(01:34:28.19,30:36:17.1,100,100) # text={395.Cluster}"
"Box(01:34:28.50,30:37:56.1,100,100) # text={396.Cluster}"
"Box(01:34:28.50,30:53:35.9,100,100) # text={397.Galaxy}"
"Box(01:34:28.71,30:21:44.0,100,100) # text={398.Unknown}"
"Box(01:34:29.07,30:38:05.4,100,100) # text={399.Cluster}"
"Box(01:34:29.10,30:53:20.6,100,100) # text={400.Cluster}"
"Box(01:34:29.29,30:56:06.0,100,100) # text={401.Cluster}"
"Box(01:34:30.20,30:38:13.0,100,100) # text={402.Cluster}"
"Box(01:34:30.50,30:36:48.2,100,100) # text={403.Unknown}"
"Box(01:34:31.00,30:57:57.5,100,100) # text={404.Stellar}"
"Box(01:34:31.07,30:37:41.1,100,100) # text={405.Cluster}"
"Box(01:34:31.74,30:39:14.8,100,100) # text={406.Cluster}"
"Box(01:34:32.29,30:55:09.9,100,100) # text={407.Unknown}"
"Box(01:34:32.78,30:54:23.6,100,100) # text={408.Chip}"
"Box(01:34:32.90,30:38:12.0,100,100) # text={409.Cluster}"
"Box(01:34:33.09,30:37:36.3,100,100) # text={410.Cluster}"
"Box(01:34:33.12,30:38:14.2,100,100) # text={411.Cluster}"
"Box(01:34:33.19,30:38:26.6,100,100) # text={412.Cluster}"
"Box(01:34:33.73,30:39:15.7,100,100) # text={413.Cluster}"
"Box(01:34:34.42,30:42:43.2,100,100) # text={414.Unknown}"
"Box(01:34:35.16,30:44:59.5,100,100) # text={415.Stellar}"
"Box(01:34:35.30,30:38:30.1,100,100) # text={416.Cluster}"
"Box(01:34:36.92,30:03:47.6,100,100) # text={417.Unknown}"
"Box(01:34:38.39,30:54:49.3,100,100) # text={418.Galaxy}"
"Box(01:34:38.90,30:38:51.8,100,100) # text={419.Cluster}"
"Box(01:34:40.41,30:46:01.3,100,100) # text={420.Cluster}"
"Box(01:34:40.66,30:49:47.3,100,100) # text={421.Cluster}"
"Box(01:34:40.72,30:53:02.0,100,100) # text={422.Cluster}"
"Box(01:34:41.20,30:49:52.7,100,100) # text={423.Stellar}"
"Box(01:34:41.65,30:46:38.8,100,100) # text={424.Unknown}"
"Box(01:34:42.80,30:49:19.2,100,100) # text={425.Cluster}"
"Box(01:34:43.19,30:52:19.1,100,100) # text={426.Cluster}"
"Box(01:34:43.70,30:47:37.9,100,100) # text={427.Cluster}"
"Box(01:34:44.20,30:52:18.9,100,100) # text={428.Cluster}"
"Box(01:34:45.09,30:50:33.5,100,100) # text={429.Cluster}"
"Box(01:34:45.59,30:44:23.0,100,100) # text={430.Chip}"
"Box(01:34:45.70,30:52:26.9,100,100) # text={431.Unknown}"
"Box(01:34:45.91,30:53:04.4,100,100) # text={432.Cluster}"
"Box(01:34:45.99,30:50:50.4,100,100) # text={433.Stellar}"
"Box(01:34:46.51,30:44:30.8,100,100) # text={434.Stellar}"
"Box(01:34:46.68,30:49:25.0,100,100) # text={435.Stellar}"
"Box(01:34:46.80,30:49:16.1,100,100) # text={436.Cluster}"
"Box(01:34:47.53,30:47:29.0,100,100) # text={437.Stellar}"
"Box(01:34:49.62,30:21:55.5,100,100) # text={438.Cluster}"
"Box(01:34:50.10,30:47:04.1,100,100) # text={439.Cluster}"
"Box(01:34:51.16,30:54:48.7,100,100) # text={440.Chip}"
"Box(01:34:52.24,30:50:05.6,100,100) # text={441.Cluster}"
"Box(01:34:52.90,30:10:51.2,100,100) # text={442.Galaxy}"
"Box(01:34:53.17,30:51:47.8,100,100) # text={443.Cluster}"
"Box(01:34:56.88,30:52:35.0,100,100) # text={444.Unknown}"
"Box(01:34:58.32,30:31:10.5,100,100) # text={445.Unknown}"
"Box(01:35:01.56,30:51:27.0,100,100) # text={446.Cluster}"
"Box(01:35:04.69,30:46:10.6,100,100) # text={447.Cluster}"
"Box(01:35:14.01,30:52:32.9,100,100) # text={448.Galaxy}"
"Box(01:35:18.25,30:49:53.9,100,100) # text={449.Cluster}"
"Box(01:35:45.70,30:26:51.4,100,100) # text={450.Galaxy}"
"Box(01:36:05.40,30:58:19.7,100,100) # text={451.Galaxy}"
